Datetime,Water Level (m)
2025-02-16 12:00:00,0.38764378
2025-02-16 13:00:00,0.36925456
2025-02-16 14:00:00,0.18497643
2025-02-16 15:00:00,0.012590421
2025-02-16 16:00:00,-0.15261555
2025-02-16 17:00:00,-0.33712456
2025-02-16 18:00:00,-0.50885874
2025-02-16 19:00:00,-0.6300565
2025-02-16 20:00:00,-0.5392923
2025-02-16 21:00:00,-0.2602264
2025-02-16 22:00:00,-0.043488722
2025-02-16 23:00:00,0.22605354
2025-02-17 00:00:00,0.38324204
2025-02-17 01:00:00,0.41341895
2025-02-17 02:00:00,0.2429266
2025-02-17 03:00:00,0.07806953
2025-02-17 04:00:00,-0.09334813
2025-02-17 05:00:00,-0.2807674
2025-02-17 06:00:00,-0.47700292
2025-02-17 07:00:00,-0.6267385
2025-02-17 08:00:00,-0.6710925
2025-02-17 09:00:00,-0.4010709
2025-02-17 10:00:00,-0.20902973
2025-02-17 11:00:00,0.060996287
2025-02-17 12:00:00,0.23770505
2025-02-17 13:00:00,0.34556407
2025-02-17 14:00:00,0.2652593
2025-02-17 15:00:00,0.10329242
2025-02-17 16:00:00,-0.049382035
2025-02-17 17:00:00,-0.2186287
2025-02-17 18:00:00,-0.40647805
2025-02-17 19:00:00,-0.56311667
2025-02-17 20:00:00,-0.6222189
2025-02-17 21:00:00,-0.35446665
2025-02-17 22:00:00,-0.18328033
2025-02-17 23:00:00,0.05244827
2025-02-18 00:00:00,0.21761234
2025-02-18 01:00:00,0.2894511
2025-02-18 02:00:00,0.19211882
2025-02-18 03:00:00,0.032059036
2025-02-18 04:00:00,-0.115546554
2025-02-18 05:00:00,-0.28531963
2025-02-18 06:00:00,-0.45841902
2025-02-18 07:00:00,-0.6155908
2025-02-18 08:00:00,-0.7166472
2025-02-18 09:00:00,-0.5534032
2025-02-18 10:00:00,-0.33075583
2025-02-18 11:00:00,-0.11840373
2025-02-18 12:00:00,0.11026223
2025-02-18 13:00:00,0.24274704
2025-02-18 14:00:00,0.28884605
2025-02-18 15:00:00,0.15532392
2025-02-18 16:00:00,0.009369261
2025-02-18 17:00:00,-0.14250273
2025-02-18 18:00:00,-0.30741754
2025-02-18 19:00:00,-0.47149473
2025-02-18 20:00:00,-0.5748764
2025-02-18 21:00:00,-0.42398646
2025-02-18 22:00:00,-0.24466391
2025-02-18 23:00:00,-0.09261982
2025-02-19 00:00:00,0.08041427
2025-02-19 01:00:00,0.16182388
2025-02-19 02:00:00,0.13964435
2025-02-19 03:00:00,0.007435898
2025-02-19 04:00:00,-0.12325763
2025-02-19 05:00:00,-0.2755296
2025-02-19 06:00:00,-0.42490733
2025-02-19 07:00:00,-0.57822824
2025-02-19 08:00:00,-0.68799144
2025-02-19 09:00:00,-0.66703725
2025-02-19 10:00:00,-0.43780345
2025-02-19 11:00:00,-0.27995262
2025-02-19 12:00:00,-0.063918516
2025-02-19 13:00:00,0.10951061
2025-02-19 14:00:00,0.24070875
2025-02-19 15:00:00,0.22422779
2025-02-19 16:00:00,0.08556393
2025-02-19 17:00:00,-0.05008487
2025-02-19 18:00:00,-0.19279872
2025-02-19 19:00:00,-0.35106495
2025-02-19 20:00:00,-0.47535905
2025-02-19 21:00:00,-0.47367793
2025-02-19 22:00:00,-0.2883978
2025-02-19 23:00:00,-0.19591908
2025-02-20 00:00:00,-0.083763614
2025-02-20 01:00:00,-0.0023364131
2025-02-20 02:00:00,0.014364331
2025-02-20 03:00:00,-0.054845113
2025-02-20 04:00:00,-0.15490313
2025-02-20 05:00:00,-0.28830755
2025-02-20 06:00:00,-0.40909123
2025-02-20 07:00:00,-0.54816586
2025-02-20 08:00:00,-0.6624348
2025-02-20 09:00:00,-0.7165714
2025-02-20 10:00:00,-0.55671006
2025-02-20 11:00:00,-0.41018668
2025-02-20 12:00:00,-0.26585683
2025-02-20 13:00:00,-0.096627064
2025-02-20 14:00:00,0.03530719
2025-02-20 15:00:00,0.13157174
2025-02-20 16:00:00,0.08721278
2025-02-20 17:00:00,-0.024490882
2025-02-20 18:00:00,-0.13751298
2025-02-20 19:00:00,-0.2613789
2025-02-20 20:00:00,-0.3928522
2025-02-20 21:00:00,-0.4807772
2025-02-20 22:00:00,-0.47246468
2025-02-20 23:00:00,-0.38084164
2025-02-21 00:00:00,-0.32497746
2025-02-21 01:00:00,-0.2553918
2025-02-21 02:00:00,-0.20710371
2025-02-21 03:00:00,-0.22349937
2025-02-21 04:00:00,-0.27540132
2025-02-21 05:00:00,-0.35951498
2025-02-21 06:00:00,-0.4498235
2025-02-21 07:00:00,-0.554214
2025-02-21 08:00:00,-0.6499198
2025-02-21 09:00:00,-0.70911807
2025-02-21 10:00:00,-0.66608113
2025-02-21 11:00:00,-0.52811784
2025-02-21 12:00:00,-0.42693275
2025-02-21 13:00:00,-0.30907896
2025-02-21 14:00:00,-0.16889991
2025-02-21 15:00:00,-0.043348562
2025-02-21 16:00:00,0.06731381
2025-02-21 17:00:00,0.07009891
2025-02-21 18:00:00,0.00311405
2025-02-21 19:00:00,-0.09221825
2025-02-21 20:00:00,-0.20142184
2025-02-21 21:00:00,-0.30827096
2025-02-21 22:00:00,-0.40365872
2025-02-21 23:00:00,-0.44378188
2025-02-22 00:00:00,-0.4281239
2025-02-22 01:00:00,-0.40424228
2025-02-22 02:00:00,-0.38538808
2025-02-22 03:00:00,-0.36763394
2025-02-22 04:00:00,-0.36294466
2025-02-22 05:00:00,-0.372463
2025-02-22 06:00:00,-0.40848696
2025-02-22 07:00:00,-0.46540713
2025-02-22 08:00:00,-0.53065556
2025-02-22 09:00:00,-0.60050946
2025-02-22 10:00:00,-0.65082395
2025-02-22 11:00:00,-0.6397979
2025-02-22 12:00:00,-0.5373554
